[{"country":"Afghanistan","currency":"AFNKU"},{"country":"Albania","currency":"ALLKU"},{"country":"Algeria","currency":"DZDKU"},{"country":"American Samoa","currency":"USDKU"},{"country":"Andorra","currency":"EURKU"},{"country":"Angola","currency":"AOAKU"},{"country":"Anguilla","currency":"XCDKU"},{"country":"Antarctica","currency":"XCDKU"},{"country":"Antigua and Barbuda","currency":"XCDKU"},{"country":"Argentina","currency":"ARSKU"},{"country":"Armenia","currency":"AMDKU"},{"country":"Aruba","currency":"AWGKU"},{"country":"Australia","currency":"AUDKU"},{"country":"Austria","currency":"EURKU"},{"country":"Azerbaijan","currency":"AZNKU"},{"country":"Bahamas","currency":"BSDKU"},{"country":"Bahrain","currency":"BHDKU"},{"country":"Bangladesh","currency":"BDTKU"},{"country":"Barbados","currency":"BBDKU"},{"country":"Belarus","currency":"BYRKU"},{"country":"Belgium","currency":"EURKU"},{"country":"Belize","currency":"BZDKU"},{"country":"Benin","currency":"XOFKU"},{"country":"Bermuda","currency":"BMDKU"},{"country":"Bhutan","currency":"BTNKU"},{"country":"Bolivia","currency":"BOBKU"},{"country":"Bosnia and Herzegovina","currency":"BAMKU"},{"country":"Botswana","currency":"BWPKU"},{"country":"Bouvet Island","currency":"NOKKU"},{"country":"Brazil","currency":"BRLKU"},{"country":"British Indian Ocean Territory","currency":"USDKU"},{"country":"Brunei","currency":"BNDKU"},{"country":"Bulgaria","currency":"BGNKU"},{"country":"Burkina Faso","currency":"XOFKU"},{"country":"Burundi","currency":"BIFKU"},{"country":"Cambodia","currency":"KHRKU"},{"country":"Cameroon","currency":"XAFKU"},{"country":"Canada","currency":"CADKU"},{"country":"Cape Verde","currency":"CVEKU"},{"country":"Cayman Islands","currency":"KYDKU"},{"country":"Central African Republic","currency":"XAFKU"},{"country":"Chad","currency":"XAFKU"},{"country":"Chile","currency":"CLPKU"},{"country":"China","currency":"CNYKU"},{"country":"Christmas Island","currency":"AUDKU"},{"country":"Cocos (Keeling) Islands","currency":"AUDKU"},{"country":"Colombia","currency":"COPKU"},{"country":"Comoros","currency":"KMFKU"},{"country":"Congo","currency":"XAFKU"},{"country":"Cook Islands","currency":"NZDKU"},{"country":"Costa Rica","currency":"CRCKU"},{"country":"Croatia","currency":"EURKU"},{"country":"Cuba","currency":"CUPKU"},{"country":"Cyprus","currency":"EURKU"},{"country":"Czech Republic","currency":"CZKKU"},{"country":"Denmark","currency":"DKKKU"},{"country":"Djibouti","currency":"DJFKU"},{"country":"Dominica","currency":"XCDKU"},{"country":"Dominican Republic","currency":"DOPKU"},{"country":"East Timor","currency":"USDKU"},{"country":"Ecuador","currency":"ECSKU"},{"country":"Egypt","currency":"EGPKU"},{"country":"El Salvador","currency":"SVCKU"},{"country":"England","currency":"GBPKU"},{"country":"Equatorial Guinea","currency":"XAFKU"},{"country":"Eritrea","currency":"ERNKU"},{"country":"Estonia","currency":"EURKU"},{"country":"Eswatini","currency":"SZLKU"},{"country":"Ethiopia","currency":"ETBKU"},{"country":"Falkland Islands","currency":"FKPKU"},{"country":"Faroe Islands","currency":"DKKKU"},{"country":"Fiji Islands","currency":"FJDKU"},{"country":"Finland","currency":"EURKU"},{"country":"France","currency":"EURKU"},{"country":"French Guiana","currency":"EURKU"},{"country":"French Polynesia","currency":"XPFKU"},{"country":"French Southern territories","currency":"EURKU"},{"country":"Gabon","currency":"XAFKU"},{"country":"Gambia","currency":"GMDKU"},{"country":"Georgia","currency":"GELKU"},{"country":"Germany","currency":"EURKU"},{"country":"Ghana","currency":"GHSKU"},{"country":"Gibraltar","currency":"GIPKU"},{"country":"Greece","currency":"EURKU"},{"country":"Greenland","currency":"DKKKU"},{"country":"Grenada","currency":"XCDKU"},{"country":"Guadeloupe","currency":"EURKU"},{"country":"Guam","currency":"USDKU"},{"country":"Guatemala","currency":"QTQKU"},{"country":"Guinea","currency":"GNFKU"},{"country":"Guinea-Bissau","currency":"CFAKU"},{"country":"Guyana","currency":"GYDKU"},{"country":"Haiti","currency":"HTGKU"},{"country":"Heard Island and McDonald Islands","currency":"AUDKU"},{"country":"Holy See (Vatican City State)","currency":"EURKU"},{"country":"Honduras","currency":"HNLKU"},{"country":"Hong Kong","currency":"HKDKU"},{"country":"Hungary","currency":"HUFKU"},{"country":"Iceland","currency":"ISKKU"},{"country":"India","currency":"INRKU"},{"country":"Indonesia","currency":"IDRKU"},{"country":"Iran","currency":"IRRKU"},{"country":"Iraq","currency":"IQDKU"},{"country":"Ireland","currency":"EURKU"},{"country":"Israel","currency":"ILSKU"},{"country":"Italy","currency":"EURKU"},{"country":"Ivory Coast","currency":"XOFKU"},{"country":"Jamaica","currency":"JMDKU"},{"country":"Japan","currency":"JPYKU"},{"country":"Jordan","currency":"JODKU"},{"country":"Kazakhstan","currency":"KZTKU"},{"country":"Kenya","currency":"KESKU"},{"country":"Kiribati","currency":"AUDKU"},{"country":"Kuwait","currency":"KWDKU"},{"country":"Kyrgyzstan","currency":"KGSKU"},{"country":"Laos","currency":"LAKKU"},{"country":"Latvia","currency":"EURKU"},{"country":"Lebanon","currency":"LBPKU"},{"country":"Lesotho","currency":"LSLKU"},{"country":"Liberia","currency":"LRDKU"},{"country":"Libya","currency":"LYDKU"},{"country":"Liechtenstein","currency":"CHFKU"},{"country":"Lithuania","currency":"EURKU"},{"country":"Luxembourg","currency":"EURKU"},{"country":"Macau","currency":"MOPKU"},{"country":"North Macedonia","currency":"MKDKU"},{"country":"Madagascar","currency":"MGFKU"},{"country":"Malawi","currency":"MWKKU"},{"country":"Malaysia","currency":"MYRKU"},{"country":"Maldives","currency":"MVRKU"},{"country":"Mali","currency":"XOFKU"},{"country":"Malta","currency":"EURKU"},{"country":"Marshall Islands","currency":"USDKU"},{"country":"Martinique","currency":"EURKU"},{"country":"Mauritania","currency":"MROKU"},{"country":"Mauritius","currency":"MURKU"},{"country":"Mayotte","currency":"EURKU"},{"country":"Mexico","currency":"MXNKU"},{"country":"Micronesia, Federated States of","currency":"USDKU"},{"country":"Moldova","currency":"MDLKU"},{"country":"Monaco","currency":"EURKU"},{"country":"Mongolia","currency":"MNTKU"},{"country":"Montserrat","currency":"XCDKU"},{"country":"Morocco","currency":"MADKU"},{"country":"Mozambique","currency":"MZNKU"},{"country":"Myanmar","currency":"MMRKU"},{"country":"Namibia","currency":"NADKU"},{"country":"Nauru","currency":"AUDKU"},{"country":"Nepal","currency":"NPRKU"},{"country":"Netherlands","currency":"EURKU"},{"country":"Netherlands Antilles","currency":"ANGKU"},{"country":"New Caledonia","currency":"XPFKU"},{"country":"New Zealand","currency":"NZDKU"},{"country":"Nicaragua","currency":"NIOKU"},{"country":"Niger","currency":"XOFKU"},{"country":"Nigeria","currency":"NGNKU"},{"country":"Niue","currency":"NZDKU"},{"country":"Norfolk Island","currency":"AUDKU"},{"country":"North Korea","currency":"KPWKU"},{"country":"Northern Ireland","currency":"GBPKU"},{"country":"Northern Mariana Islands","currency":"USDKU"},{"country":"Norway","currency":"NOKKU"},{"country":"Oman","currency":"OMRKU"},{"country":"Pakistan","currency":"PKRKU"},{"country":"Palau","currency":"USDKU"},{"country":"Palestine","currency":"KU"},{"country":"Panama","currency":"PABKU"},{"country":"Papua New Guinea","currency":"PGKKU"},{"country":"Paraguay","currency":"PYGKU"},{"country":"Peru","currency":"PENKU"},{"country":"Philippines","currency":"PHPKU"},{"country":"Pitcairn Islands","currency":"NZDKU"},{"country":"Poland","currency":"PLNKU"},{"country":"Portugal","currency":"EURKU"},{"country":"Puerto Rico","currency":"USDKU"},{"country":"Qatar","currency":"QARKU"},{"country":"Reunion","currency":"EURKU"},{"country":"Romania","currency":"RONKU"},{"country":"Russia","currency":"RUBKU"},{"country":"Rwanda","currency":"RWFKU"},{"country":"Saint Helena","currency":"SHPKU"},{"country":"Saint Kitts and Nevis","currency":"XCDKU"},{"country":"Saint Lucia","currency":"XCDKU"},{"country":"Saint Pierre and Miquelon","currency":"EURKU"},{"country":"Saint Vincent and the Grenadines","currency":"XCDKU"},{"country":"Samoa","currency":"WSTKU"},{"country":"San Marino","currency":"EURKU"},{"country":"Sao Tome and Principe","currency":"STDKU"},{"country":"Saudi Arabia","currency":"SARKU"},{"country":"Scotland","currency":"GBPKU"},{"country":"Senegal","currency":"XOFKU"},{"country":"Serbia","currency":"RSDKU"},{"country":"Seychelles","currency":"SCRKU"},{"country":"Sierra Leone","currency":"SLLKU"},{"country":"Singapore","currency":"SGDKU"},{"country":"Slovakia","currency":"EURKU"},{"country":"Slovenia","currency":"EURKU"},{"country":"Solomon Islands","currency":"SBDKU"},{"country":"Somalia","currency":"SOSKU"},{"country":"South Africa","currency":"ZARKU"},{"country":"South Georgia and the South Sandwich Islands","currency":"GBPKU"},{"country":"South Korea","currency":"KRWKU"},{"country":"South Sudan","currency":"SSPKU"},{"country":"Spain","currency":"EURKU"},{"country":"Sri Lanka","currency":"LKRKU"},{"country":"Sudan","currency":"SDGKU"},{"country":"Suriname","currency":"SRDKU"},{"country":"Svalbard and Jan Mayen","currency":"NOKKU"},{"country":"Sweden","currency":"SEKKU"},{"country":"Switzerland","currency":"CHFKU"},{"country":"Syria","currency":"SYPKU"},{"country":"Tajikistan","currency":"TJSKU"},{"country":"Tanzania","currency":"TZSKU"},{"country":"Thailand","currency":"THBKU"},{"country":"The Democratic Republic of Congo","currency":"CDFKU"},{"country":"Togo","currency":"XOFKU"},{"country":"Tokelau","currency":"NZDKU"},{"country":"Tonga","currency":"TOPKU"},{"country":"Trinidad and Tobago","currency":"TTDKU"},{"country":"Tunisia","currency":"TNDKU"},{"country":"Turkey","currency":"TRYKU"},{"country":"Turkmenistan","currency":"TMTKU"},{"country":"Turks and Caicos Islands","currency":"USDKU"},{"country":"Tuvalu","currency":"AUDKU"},{"country":"Uganda","currency":"UGXKU"},{"country":"Ukraine","currency":"UAHKU"},{"country":"United Arab Emirates","currency":"AEDKU"},{"country":"United Kingdom","currency":"GBPKU"},{"country":"United States","currency":"USDKU"},{"country":"United States Minor Outlying Islands","currency":"USDKU"},{"country":"Uruguay","currency":"UYUKU"},{"country":"Uzbekistan","currency":"UZSKU"},{"country":"Vanuatu","currency":"VUVKU"},{"country":"Venezuela","currency":"VEFKU"},{"country":"Vietnam","currency":"VNDKU"},{"country":"Virgin Islands, British","currency":"USDKU"},{"country":"Virgin Islands, U.S.","currency":"USDKU"},{"country":"Wales","currency":"GBPKU"},{"country":"Wallis and Futuna","currency":"XPFKU"},{"country":"Western Sahara","currency":"MADKU"},{"country":"Yemen","currency":"YERKU"},{"country":"Zambia","currency":"ZMWKU"},{"country":"Zimbabwe","currency":"ZWDKU"}]